ground_truth_x, ground_truth_y, ground_truth_vx, ground_truth_vy, estimate_x, estimate_y, estimate_vx, estimate_vy, rmse_x, rmse_y, rmse_vx, rmse_vy, 
0.6,0.6,5.19994,0,0.312243,0.58034,0,0,0.287757,0.0196602,5.19994,0,
0.859997,0.600045,5.19975,0.00179686,0.779913,0.722413,6.65259,1.97674,0.211208,0.0876373,3.81773,1.3965,
1.11998,0.600225,5.19943,0.00538996,1.19545,0.535063,10.3167,-0.0105176,0.177869,0.0808428,4.29483,1.14027,
1.37996,0.600629,5.19898,0.0107781,1.03211,0.563929,4.61321,2.6006,0.232328,0.0723767,3.73094,1.62848,
1.6399,0.601347,5.19839,0.0179597,1.35877,0.703667,4.975,2.20633,0.242874,0.0792752,3.33855,1.75481,
1.89982,0.60247,5.19766,0.0269323,1.71966,0.648446,5.39616,1.08095,0.233595,0.0747625,3.04874,1.6587,
2.1597,0.604086,5.19678,0.0376932,2.03462,0.698956,5.51682,0.946256,0.221374,0.0779532,2.82518,1.57359,
2.41954,0.606284,5.19573,0.0502389,2.27665,0.698632,5.29901,0.729449,0.21315,0.0798946,2.64297,1.49142,
2.67932,0.609155,5.1945,0.0645654,2.56596,0.724785,5.35238,0.647881,0.204481,0.0846139,2.49237,1.4195,
2.93904,0.612786,5.19309,0.080668,2.8481,0.709108,5.33672,0.419564,0.196108,0.0858565,2.3649,1.35091,
3.19869,0.617267,5.19147,0.0985415,3.09645,0.716524,5.30674,0.385493,0.189506,0.08716,2.25511,1.29095,
3.45825,0.622685,5.18963,0.11818,3.39229,0.644275,5.33376,0.00783766,0.182434,0.0836817,2.15951,1.2364,
3.71772,0.62913,5.18754,0.139576,3.70716,0.578325,5.43076,-0.26584,0.175302,0.0816243,2.07589,1.1932,
3.97708,0.636689,5.18519,0.162724,3.98896,0.594126,5.47848,-0.161551,0.168955,0.0794735,2.00191,1.15306,
4.23632,0.645449,5.18256,0.187614,4.27109,0.583745,5.49282,-0.172863,0.163473,0.0784142,1.93569,1.11784,
4.49542,0.655498,5.17962,0.214238,4.5282,0.601625,5.34028,-0.0921347,0.158494,0.0771095,1.87465,1.08506,
4.75437,0.666921,5.17634,0.242587,4.71591,0.675072,5.19702,0.191231,0.154044,0.0748334,1.81868,1.05273,
5.01315,0.679804,5.1727,0.272649,4.96798,0.671294,5.04539,0.130769,0.150082,0.0727526,1.7677,1.02362,
5.27175,0.694234,5.16867,0.304413,5.27045,0.666184,5.13521,0.0820324,0.146079,0.071104,1.72057,0.997622,
5.53013,0.710295,5.16422,0.337868,5.53204,0.67154,5.27133,0.0994464,0.142381,0.0698433,1.67717,0.973822,
5.78828,0.728072,5.15932,0.372999,5.83254,0.682266,5.33644,0.110531,0.139285,0.0688891,1.63721,0.952077,
6.04618,0.747647,5.15393,0.409793,6.07232,0.624862,5.13026,-0.097992,0.136197,0.0722168,1.59958,0.936466,
6.30379,0.769103,5.14803,0.448233,6.32649,0.71538,5.11591,0.194783,0.133287,0.0715122,1.56443,0.917405,
6.5611,0.792523,5.14157,0.488305,6.57681,0.744203,5.06476,0.249697,0.13052,0.070698,1.53157,0.899409,
6.81808,0.817988,5.13452,0.52999,6.82284,0.744436,5.05309,0.214011,0.127887,0.0708143,1.50072,0.8835,
7.07469,0.845578,5.12685,0.573269,7.06415,0.730171,4.8782,0.12461,0.12542,0.0730346,1.47238,0.8708,
7.3309,0.875373,5.11851,0.618123,7.27681,0.808519,4.81423,0.342227,0.123515,0.072815,1.44604,0.85617,
7.58668,0.907449,5.10946,0.664531,7.57715,0.822484,5.15903,0.350038,0.121303,0.0732837,1.42002,0.842841,
7.84199,0.941886,5.09966,0.712469,7.83225,0.801356,5.15813,0.237829,0.119207,0.0765917,1.39536,0.832858,
8.0968,0.978759,5.08907,0.761915,8.08009,0.818376,4.97765,0.238273,0.117243,0.0807971,1.37206,0.824422,
8.35106,1.01814,5.07766,0.812843,8.3156,0.834994,4.95297,0.253549,0.115512,0.0860211,1.34993,0.817213,
8.60472,1.06011,5.06537,0.865226,8.58966,0.92518,5.23507,0.498549,0.113724,0.087962,1.32901,0.80695,
8.85775,1.10473,5.05216,0.919037,8.83257,0.985378,5.19765,0.601561,0.112074,0.089076,1.30897,0.796549,
9.1101,1.15208,5.03798,0.974245,9.12498,1.02382,5.2447,0.620209,0.110443,0.0904711,1.29006,0.787093,
9.36172,1.20223,5.0228,1.03082,9.36589,1.05535,5.20593,0.624352,0.108856,0.0925611,1.27187,0.778804,
9.61255,1.25524,5.00656,1.08873,9.64723,1.12928,5.25582,0.745225,0.107489,0.0936496,1.25477,0.770042,
9.86254,1.31118,4.98922,1.14794,9.9269,1.26203,5.2754,1.01115,0.106553,0.0927282,1.23859,0.759898,
10.1117,1.37011,4.97074,1.20841,10.1723,1.34414,5.01771,1.07333,0.1056,0.0915969,1.22221,0.750152,
10.3598,1.4321,4.95106,1.2701,10.3932,1.4237,4.95965,1.14951,0.104375,0.0904249,1.20644,0.740724,
10.6069,1.49721,4.93014,1.33298,10.6232,1.49403,4.72569,1.15921,0.103094,0.0892889,1.1917,0.731923,
10.853,1.56549,4.90794,1.39701,10.841,1.51955,4.69687,1.07223,0.101846,0.0884846,1.17754,0.724719,
11.0979,1.637,4.8844,1.46213,11.1124,1.56198,4.88905,1.05382,0.100651,0.0881879,1.16344,0.718806,
11.3416,1.71179,4.85948,1.52832,11.3948,1.60813,4.95939,1.03039,0.0998046,0.0885785,1.14993,0.714445,
11.584,1.78992,4.83313,1.59551,11.6263,1.64921,4.86316,0.993818,0.0988692,0.0900991,1.1368,0.712081,
11.8251,1.87144,4.80531,1.66366,11.853,1.71884,4.83032,1.05068,0.0978532,0.0919509,1.1241,0.710029,
12.0647,1.95639,4.77598,1.73273,12.1137,1.80258,4.99073,1.15404,0.0970527,0.093731,1.11227,0.707433,
12.3029,2.04482,4.74508,1.80265,12.3589,1.83318,4.98675,1.08066,0.0963616,0.0977324,1.10094,0.707746,
12.5394,2.13677,4.71257,1.87338,12.6185,1.8819,5.09365,1.07794,0.0960336,0.10347,1.0908,0.709683,
12.7743,2.23227,4.67842,1.94485,12.819,2.03381,4.98023,1.35171,0.0952623,0.10626,1.08047,0.707497,
13.0075,2.33137,4.64258,2.01701,13.0899,2.14095,5.12905,1.47647,0.0950228,0.108585,1.07182,0.704546,
13.2388,2.43409,4.605,2.08981,13.2968,2.29544,5.02548,1.70186,0.0944363,0.109253,1.06289,0.699716,
13.4682,2.54047,4.56565,2.16317,13.4717,2.42145,4.61151,1.7769,0.0935251,0.109449,1.05264,0.695022,
13.6955,2.65053,4.52448,2.23703,13.7205,2.54837,4.63803,1.87673,0.092702,0.109316,1.04278,0.690211,
13.9208,2.7643,4.48147,2.31134,13.9416,2.6467,4.58113,1.88359,0.0918833,0.109475,1.03317,0.686264,
14.1439,2.88179,4.43656,2.38601,14.1694,2.81494,4.5643,2.08247,0.0911093,0.108849,1.02388,0.681227,
14.3646,3.00303,4.38974,2.46099,14.423,2.92158,4.73886,2.11207,0.0906284,0.108421,1.01577,0.676725,
14.583,3.12802,4.34097,2.5362,14.6314,2.99059,4.69396,2.01926,0.0900587,0.108996,1.0079,0.674248,
14.7989,3.25679,4.29021,2.61157,14.8655,3.13917,4.73838,2.16036,0.0897064,0.109151,1.00091,0.671031,
15.0122,3.38932,4.23744,2.68703,15.0776,3.34855,4.6712,2.43489,0.0893498,0.108352,0.993994,0.666129,
15.2228,3.52563,4.18263,2.76249,15.2903,3.4953,4.46156,2.46692,0.0890291,0.107517,0.986333,0.661656,
15.4306,3.66572,4.12575,2.83789,15.5049,3.69765,4.42786,2.67816,0.0888063,0.10671,0.97898,0.656529,
15.6355,3.80957,4.06678,2.91315,15.7189,3.80916,4.36549,2.60561,0.0887205,0.105846,0.971793,0.652383,
15.8375,3.95719,4.00571,2.98817,15.9409,3.96052,4.36739,2.66055,0.0889737,0.105004,0.965126,0.6485,
16.0363,4.10854,3.94251,3.0629,16.1413,4.09001,4.15297,2.60678,0.0892461,0.104206,0.957918,0.645935,
16.2319,4.26363,3.87716,3.13723,16.3334,4.30595,4.10266,2.83538,0.0894486,0.103534,0.950932,0.642039,
16.4242,4.42242,3.80966,3.21109,16.549,4.4497,4.12795,2.84016,0.0900895,0.102802,0.944513,0.63879,
16.613,4.5849,3.74,3.28438,16.7239,4.63127,4.05859,2.95054,0.0904351,0.102189,0.938246,0.635316,
16.7983,4.75103,3.66817,3.35704,16.8852,4.77533,3.68425,2.86305,0.0903836,0.101477,0.931323,0.633466,
16.9799,4.92077,3.59416,3.42897,17.0383,5.03284,3.59492,3.16884,0.0900006,0.101639,0.92455,0.629638,
17.1579,5.09409,3.51797,3.50008,17.2166,5.16762,3.55428,3.0924,0.0896307,0.101292,0.917933,0.627021,
17.3319,5.27094,3.4396,3.57028,17.368,5.37136,3.49074,3.22618,0.0891007,0.10128,0.911466,0.623927,
17.5019,5.45128,3.35907,3.63949,17.5342,5.49819,3.40002,3.10924,0.0885614,0.100726,0.905127,0.622723,
17.6679,5.63506,3.27637,3.70762,17.721,5.63739,3.43654,3.06318,0.0881716,0.100034,0.899101,0.623025,
17.8297,5.82221,3.19151,3.77458,17.8763,5.79302,3.2741,3.03,0.0877415,0.0994138,0.893057,0.624826,
17.9872,6.01269,3.10453,3.84027,18.0402,6.02235,3.25112,3.23162,0.0873693,0.0987551,0.887245,0.624613,
18.1402,6.20641,3.01542,3.90462,18.1993,6.2038,3.22177,3.27875,0.0870567,0.0981037,0.881706,0.624629,
18.2888,6.40332,2.92421,3.96753,18.3123,6.48712,3.09375,3.59856,0.0865311,0.0979313,0.876175,0.621983,
18.4328,6.60333,2.83093,4.0289,18.4527,6.67218,2.97101,3.5805,0.0860043,0.0976133,0.870685,0.620065,
18.572,6.80638,2.7356,4.08867,18.597,6.82205,2.97232,3.5067,0.0855046,0.0970095,0.865567,0.619598,
18.7064,7.01237,2.63825,4.14672,18.7541,7.0081,3.0187,3.54534,0.0851354,0.0964025,0.861191,0.619373,
18.8359,7.22122,2.53893,4.20299,18.9508,7.16595,3.11286,3.48382,0.0855654,0.0960021,0.858231,0.620703,
18.9604,7.43283,2.43767,4.25737,19.0517,7.32431,2.78808,3.36875,0.0856377,0.0961646,0.853859,0.624663,
19.0798,7.64712,2.3345,4.3098,19.1267,7.64476,2.61353,3.77401,0.0852758,0.0955839,0.849252,0.623667,
19.1939,7.86397,2.22949,4.36017,19.256,7.82717,2.59334,3.74981,0.0850368,0.0950981,0.845115,0.623511,
19.3028,8.08329,2.12266,4.40842,19.3266,8.07721,2.45746,3.92479,0.0845747,0.0945393,0.840914,0.622048,
19.4062,8.30497,2.01409,4.45445,19.4313,8.26782,2.42319,3.91533,0.084125,0.0940734,0.837173,0.621147,
19.5042,8.5289,1.90381,4.49819,19.5252,8.42481,2.38419,3.82498,0.0836704,0.0941945,0.83394,0.62177,
19.5966,8.75494,1.7919,4.53956,19.6283,8.59919,2.2416,3.73347,0.0832621,0.0951182,0.830573,0.624171,
19.6835,8.983,1.67841,4.57848,19.784,8.80018,2.32141,3.75705,0.0834758,0.0965471,0.828701,0.626732,
19.7645,9.21294,1.56341,4.61488,19.8703,8.98881,2.10995,3.69708,0.0837558,0.0988733,0.826096,0.630705,
19.8398,9.44463,1.44697,4.64869,19.9867,9.25945,2.09964,3.90958,0.0847055,0.100226,0.824388,0.631997,
19.9093,9.67795,1.32916,4.67984,20.0468,9.44354,1.81269,3.7961,0.0854563,0.102632,0.821444,0.63527,
19.9728,9.91275,1.21005,4.70826,20.116,9.72942,1.73407,4.04299,0.0862828,0.103834,0.81882,0.6356,
20.0303,10.1489,1.08972,4.73389,20.1788,9.97366,1.68203,4.16329,0.0871789,0.10485,0.816741,0.634943,
20.0818,10.3863,0.968259,4.75666,20.2153,10.2923,1.54494,4.45276,0.0877953,0.104742,0.814583,0.632362,
20.1271,10.6247,0.845742,4.77652,20.2423,10.4975,1.23881,4.31152,0.088124,0.105,0.811322,0.630847,
20.1663,10.864,0.722256,4.7934,20.2892,10.8105,1.16947,4.55694,0.0885514,0.104598,0.808405,0.628046,
20.1993,11.1041,0.597892,4.80727,20.3167,11.0629,1.0362,4.59459,0.088893,0.104147,0.805488,0.625203,
20.2261,11.3449,0.472738,4.81807,20.3517,11.3171,0.992013,4.66018,0.0893382,0.103657,0.803107,0.62224,
20.2466,11.5861,0.346889,4.82575,20.3157,11.524,0.482818,4.42145,0.0891586,0.103324,0.799197,0.620439,
20.2608,11.8275,0.220439,4.83027,20.3799,11.784,0.547429,4.50323,0.0895041,0.102902,0.795896,0.618217,
20.2687,12.0692,0.093487,4.83159,20.402,12.0137,0.624311,4.571,0.0900377,0.102543,0.793727,0.61572,
20.2701,12.3108,-0.0338694,4.82968,20.3823,12.3395,0.478591,4.82405,0.090279,0.102084,0.791477,0.612724,
20.2652,12.5522,-0.161529,4.82451,20.3498,12.5387,0.0702285,4.54224,0.0902255,0.1016,0.78799,0.610399,
20.254,12.7933,-0.28939,4.81605,20.3727,12.7924,0.0983808,4.59976,0.0905395,0.101116,0.785141,0.607852,
20.2363,13.0339,-0.417348,4.80428,20.3738,12.9917,-0.0236086,4.44145,0.091096,0.100721,0.782364,0.606004,
20.2122,13.2738,-0.545298,4.78918,20.3361,13.2185,-0.101235,4.46544,0.0914564,0.100391,0.779882,0.603977,
20.1818,13.5129,-0.673135,4.77072,20.3049,13.4311,-0.222161,4.40031,0.0917999,0.100234,0.777475,0.60223,
20.1449,13.7509,-0.800753,4.74892,20.2744,13.7255,-0.295944,4.58466,0.0922162,0.0998031,0.77541,0.599667,
20.1017,13.9878,-0.928043,4.72374,20.2336,13.9202,-0.522724,4.37683,0.0926537,0.099557,0.772844,0.597851,
20.0521,14.2233,-1.0549,4.69521,20.1644,14.2126,-0.64647,4.56644,0.092849,0.0991127,0.770331,0.595277,
19.9962,14.4573,-1.18121,4.66331,20.0995,14.4195,-0.825028,4.43828,0.0929483,0.0987339,0.767622,0.592995,
19.934,14.6897,-1.30687,4.62805,19.9753,14.7151,-1.03407,4.64124,0.0926177,0.0983252,0.764649,0.590367,
19.8655,14.9202,-1.43177,4.58944,19.9121,14.9131,-1.11073,4.51119,0.0923137,0.0978952,0.761881,0.587817,
19.7908,15.1486,-1.55581,4.54751,19.8898,15.1404,-1.04088,4.50354,0.0923743,0.0974717,0.76008,0.58527,
19.7099,15.3749,-1.67887,4.50226,19.7869,15.3071,-1.56158,4.03273,0.0922528,0.0972549,0.756875,0.584371,
19.6229,15.5989,-1.80085,4.45372,19.7554,15.4988,-1.45735,3.99284,0.0926711,0.0972796,0.754302,0.583426,
19.5298,15.8203,-1.92164,4.40193,19.6769,15.6753,-1.51809,3.89139,0.0932661,0.0977818,0.752017,0.582847,
19.4307,16.039,-2.04114,4.3469,19.5519,15.9276,-1.6509,4.04278,0.0935357,0.0979049,0.749705,0.581062,
19.3257,16.2549,-2.15925,4.28868,19.4541,16.1189,-1.70255,4.0032,0.0938799,0.0982835,0.747738,0.579222,
19.2148,16.4679,-2.27586,4.22731,19.3403,16.3204,-1.76513,4.0167,0.0941847,0.0987901,0.746088,0.577141,
19.0981,16.6777,-2.39087,4.16284,19.2342,16.4925,-1.94929,3.81589,0.0946037,0.0998018,0.744098,0.575629,
18.9757,16.8841,-2.50418,4.0953,19.0825,16.7456,-2.0972,3.97799,0.0947091,0.100177,0.741976,0.573382,
18.8477,17.0872,-2.61571,4.02476,18.9411,16.9146,-2.49392,3.61829,0.0946988,0.100968,0.739059,0.57223,
18.7142,17.2866,-2.72534,3.95127,18.7273,17.2041,-2.742,3.89703,0.0943266,0.100834,0.736098,0.569957,
18.5752,17.4822,-2.83299,3.87489,18.607,17.4091,-2.5967,4.02298,0.0939943,0.100644,0.733473,0.567844,
18.4309,17.674,-2.93858,3.79568,18.3807,17.6389,-2.82449,4.12262,0.0937295,0.100295,0.73065,0.566348,
18.2814,17.8617,-3.042,3.71372,18.2306,17.8257,-2.88367,4.03279,0.0934705,0.0999534,0.727925,0.564836,
18.1268,18.0453,-3.14318,3.62906,18.1187,18.0178,-2.80667,3.99981,0.0931102,0.0995946,0.725703,0.563588,
17.9671,18.2246,-3.24204,3.5418,17.9495,18.1546,-3.09414,3.60283,0.0927643,0.0994007,0.723023,0.561442,
17.8026,18.3994,-3.3385,3.45199,17.8395,18.2895,-2.9714,3.48679,0.0924656,0.0994852,0.720972,0.559303,
17.6334,18.5697,-3.43247,3.35973,17.713,18.4525,-3.0034,3.35798,0.092375,0.0996311,0.719206,0.557181,
17.4595,18.7353,-3.5239,3.26509,17.5009,18.6647,-3.16491,3.47785,0.0920973,0.0994445,0.717173,0.555389,
17.281,18.8962,-3.61271,3.16817,17.3278,18.7884,-3.34199,3.18342,0.0918418,0.0995089,0.714874,0.553314,
17.0983,19.0521,-3.69883,3.06904,17.1726,18.9293,-3.30586,3.13907,0.0917244,0.0997014,0.713024,0.551294,
16.9113,19.203,-3.78221,2.9678,17.0033,19.0909,-3.40074,3.05453,0.0917266,0.0997981,0.711151,0.549314,
16.7201,19.3488,-3.86278,2.86455,16.7784,19.224,-3.51651,3.03143,0.0915267,0.100003,0.709168,0.547491,
16.5251,19.4894,-3.9405,2.75938,16.5839,19.3716,-3.69683,2.86265,0.0913316,0.100143,0.706898,0.545574,
16.3262,19.6246,-4.01531,2.65237,16.3367,19.561,-3.86279,2.98451,0.0910068,0.0999284,0.70447,0.544338,
16.1237,19.7545,-4.08716,2.54364,16.1181,19.6309,-4.04662,2.61524,0.0906824,0.100118,0.701957,0.542424,
15.9176,19.8789,-4.15602,2.43329,15.9056,19.7884,-4.08321,2.67592,0.090366,0.100053,0.699491,0.540883,
15.7082,19.9978,-4.22185,2.32141,15.7096,19.9051,-4.05179,2.64074,0.0900473,0.100003,0.697169,0.539641,
15.4956,20.111,-4.28461,2.2081,15.4669,20.0824,-4.16766,2.75065,0.0897641,0.0996819,0.694796,0.539661,
15.2799,20.2185,-4.34427,2.09347,15.2356,20.2271,-4.32841,2.63299,0.0895281,0.0993377,0.692381,0.53966,
15.0613,20.3203,-4.4008,1.97763,15.068,20.3574,-4.21264,2.61351,0.0892205,0.0990425,0.690166,0.540383,
14.84,20.4162,-4.4542,1.86068,14.8319,20.434,-4.39411,2.29849,0.088917,0.0987137,0.687816,0.539746,
14.6161,20.5063,-4.50443,1.74272,14.6229,20.5572,-4.37261,2.31217,0.0886158,0.0984669,0.685559,0.539954,
14.3897,20.5904,-4.55149,1.62386,14.3759,20.6431,-4.57577,2.03817,0.0883233,0.0982293,0.683242,0.539203,
14.1611,20.6686,-4.59537,1.50421,14.1331,20.7195,-4.59716,1.98985,0.0880562,0.0979879,0.680945,0.538862,
13.9304,20.7408,-4.63606,1.38386,13.8879,20.7883,-4.74527,1.73603,0.0878306,0.0977377,0.67873,0.537832,
13.6977,20.807,-4.67357,1.26294,13.6069,20.8603,-4.84366,1.71965,0.0878507,0.0975103,0.676621,0.537335,
13.4632,20.8671,-4.70789,1.14153,13.3544,20.8876,-5.01125,1.32448,0.0880047,0.0972032,0.67484,0.53577,
13.2271,20.9211,-4.73904,1.01975,13.1184,20.9251,-4.96301,1.26137,0.0881556,0.0968856,0.672875,0.534373,
12.9895,20.969,-4.76702,0.897694,12.8761,20.981,-5.01031,1.13469,0.0883431,0.0965753,0.670973,0.532978,
12.7506,21.0108,-4.79186,0.775469,12.7073,21.0164,-4.80194,1.06655,0.0881265,0.0962643,0.668806,0.53177,
12.5106,21.0465,-4.81358,0.653175,12.4374,21.0573,-4.96717,0.880675,0.0880389,0.0959592,0.666772,0.530375,
12.2695,21.0761,-4.83219,0.530912,12.194,21.1015,-4.95498,0.879411,0.0879646,0.0956745,0.664717,0.529415,
12.0276,21.0996,-4.84773,0.408778,11.9471,21.1172,-5.04676,0.625967,0.0879194,0.0953816,0.6628,0.528019,
11.785,21.117,-4.86022,0.286869,11.7188,21.0886,-4.96158,0.498837,0.0877994,0.0951078,0.660761,0.526625,
11.5418,21.1283,-4.86971,0.165281,11.4596,21.0721,-5.05457,0.259209,0.0877654,0.0949141,0.658855,0.525029,
11.2982,21.1335,-4.87623,0.0441057,11.2631,21.0662,-4.90757,0.205639,0.0875361,0.0947675,0.65681,0.523551,
11.0544,21.1327,-4.87982,-0.076565,10.9915,21.0264,-5.03598,-0.0541046,0.0874053,0.0948434,0.654895,0.521935,
10.8105,21.1259,-4.88053,-0.196643,10.8022,20.9889,-4.86637,-0.140381,0.0871392,0.095159,0.652884,0.520351,
10.5666,21.1131,-4.8784,-0.31604,10.5283,20.9891,-4.94686,-0.117187,0.0869247,0.0953609,0.650912,0.518994,
10.3229,21.0943,-4.87349,-0.434674,10.227,21.0385,-5.10401,0.00646891,0.0869822,0.0951708,0.649185,0.518557,
10.0795,21.0697,-4.86585,-0.552463,9.96656,21.0198,-5.19367,-0.21526,0.0871619,0.0949624,0.647727,0.517655,
9.83658,21.0391,-4.85554,-0.669327,9.81359,20.9768,-4.91308,-0.30563,0.0869187,0.0948004,0.6458,0.51687,
9.59422,21.0028,-4.84262,-0.785189,9.56348,20.9643,-4.93094,-0.311255,0.0866921,0.0945644,0.643911,0.516625,
9.35258,20.9607,-4.82714,-0.899977,9.40387,20.9147,-4.69864,-0.399116,0.0865253,0.0943505,0.642079,0.516533,
9.11177,20.9128,-4.80919,-1.01362,9.17363,20.8682,-4.76717,-0.668049,0.0864008,0.094135,0.640196,0.515693,
8.87192,20.8594,-4.78881,-1.12605,8.85169,20.8521,-4.98505,-0.614188,0.0861617,0.093861,0.638498,0.515671,
8.63315,20.8003,-4.76608,-1.2372,8.62684,20.7696,-4.97491,-0.904722,0.0859122,0.0936171,0.636838,0.514794,
8.39557,20.7358,-4.74108,-1.34701,8.34068,20.6905,-5.05749,-0.961292,0.0857651,0.0934095,0.63545,0.514141,
8.1593,20.6657,-4.71387,-1.45542,8.0878,20.6121,-5.10848,-1.18624,0.0856899,0.0932292,0.634327,0.513067,
7.92445,20.5903,-4.68453,-1.56237,7.86032,20.529,-5.02855,-1.23777,0.0855821,0.0930778,0.633047,0.512187,
7.69111,20.5096,-4.65313,-1.66781,7.62327,20.4447,-5.06275,-1.509,0.0854916,0.0929419,0.632,0.510871,
7.45939,20.4237,-4.61975,-1.7717,7.29758,20.3877,-5.25533,-1.45902,0.086113,0.0927184,0.632021,0.509967,
7.22939,20.3326,-4.58448,-1.87399,7.03378,20.2945,-5.27732,-1.57774,0.0871134,0.0925015,0.632379,0.509017,
7.00119,20.2364,-4.54738,-1.97462,6.78913,20.2069,-5.22485,-1.59776,0.088304,0.092269,0.63264,0.508374,
6.7749,20.1352,-4.50854,-2.07357,6.53733,20.1168,-5.22287,-1.70483,0.0898211,0.0920226,0.633123,0.507705,
6.55059,20.0292,-4.46805,-2.17079,6.32012,20.0208,-5.10558,-1.73254,0.0911959,0.0917702,0.633147,0.507347,
6.32834,19.9183,-4.42598,-2.26625,6.08224,19.9275,-5.09767,-1.88837,0.0927566,0.0915202,0.633365,0.506726,
6.10823,19.8027,-4.38241,-2.35993,5.84039,19.8305,-5.06298,-1.89519,0.0945981,0.0912929,0.633633,0.506506,
5.89034,19.6824,-4.33744,-2.45178,5.57331,19.6879,-5.14956,-2.22596,0.0971925,0.0910454,0.634738,0.505402,
5.67472,19.5577,-4.29114,-2.5418,5.45943,19.5545,-4.76822,-2.28764,0.0982133,0.0907993,0.633992,0.504381,
5.46145,19.4284,-4.24359,-2.62995,5.24124,19.4044,-4.73643,-2.48589,0.0992709,0.090572,0.633317,0.503134,
5.25059,19.2948,-4.19488,-2.71622,5.05935,19.2989,-4.5982,-2.45852,0.0999879,0.09033,0.632309,0.50214,
5.04219,19.157,-4.1451,-2.80059,4.86416,19.1842,-4.51019,-2.4563,0.100563,0.0901113,0.631187,0.501432,
4.8363,19.015,-4.09432,-2.88305,4.74023,19.0346,-4.23638,-2.51897,0.10054,0.0898839,0.6296,0.500805,
4.63297,18.8689,-4.04263,-2.96359,4.5075,18.8822,-4.33213,-2.77465,0.100687,0.0896522,0.628292,0.499673,
4.43224,18.7188,-3.99012,-3.0422,4.35511,18.7503,-4.16537,-2.7699,0.100579,0.0894463,0.626774,0.498753,
4.23416,18.5648,-3.93685,-3.11888,4.16562,18.6054,-4.11563,-2.79455,0.100438,0.0892611,0.625272,0.498003,
4.03876,18.4071,-3.88293,-3.19362,4.07642,18.4544,-3.80575,-2.82858,0.100214,0.0890945,0.623675,0.497405,
3.84606,18.2457,-3.82841,-3.26644,3.86669,18.2787,-3.92515,-3.26774,0.0999666,0.0888962,0.622105,0.496122,
3.65611,18.0807,-3.77339,-3.33732,3.58627,18.1332,-4.15164,-3.22552,0.0998353,0.0887478,0.621098,0.494913,
3.46891,17.9122,-3.71795,-3.40627,3.41332,17.9828,-4.04884,-3.13761,0.0996594,0.088665,0.619962,0.494021,
3.28449,17.7402,-3.66215,-3.47331,3.18064,17.8165,-4.12673,-3.15242,0.0996811,0.0886062,0.619272,0.493296,
3.10287,17.565,-3.60609,-3.53844,2.96287,17.6325,-4.18913,-3.44223,0.0999257,0.0885121,0.619095,0.492096,
2.92405,17.3866,-3.54982,-3.60167,2.81549,17.5128,-4.03525,-3.35059,0.0999709,0.0887412,0.618495,0.491181,
2.74805,17.2051,-3.49344,-3.66302,2.64111,17.2966,-3.98661,-3.70031,0.100007,0.0887554,0.617932,0.489958,
2.57486,17.0205,-3.437,-3.72251,2.48634,17.1038,-3.86633,-3.71667,0.0999531,0.0887291,0.617136,0.488738,
2.4045,16.833,-3.38059,-3.78014,2.30341,16.9383,-3.82449,-3.5355,0.0999588,0.0888183,0.616398,0.487831,
2.23695,16.6427,-3.32428,-3.83595,2.16543,16.7695,-3.68375,-3.52292,0.0998386,0.0890451,0.615396,0.487123,
2.07221,16.4497,-3.26812,-3.88995,1.96243,16.5702,-3.73044,-3.56204,0.0998897,0.0892263,0.614738,0.48647,
1.91027,16.254,-3.21219,-3.94216,1.82685,16.3426,-3.5855,-3.65312,0.099816,0.0892236,0.613791,0.485702,
1.75112,16.0557,-3.15656,-3.99261,1.65212,16.1641,-3.5742,-3.64979,0.0998121,0.0893269,0.61299,0.48511,
1.59474,15.8549,-3.10129,-4.04132,1.46132,15.999,-3.6094,-3.61819,0.100002,0.0896718,0.612527,0.48483,
1.44111,15.6517,-3.04644,-4.08832,1.30143,15.7641,-3.56433,-4.0057,0.10023,0.0897943,0.612107,0.483697,
1.29021,15.4463,-2.99207,-4.13364,1.14882,15.541,-3.49222,-4.04671,0.100467,0.0898183,0.61162,0.482575,
1.14201,15.2386,-2.93825,-4.1773,0.967038,15.3457,-3.51318,-4.04296,0.100952,0.0899083,0.611451,0.481514,
0.996486,15.0288,-2.88503,-4.21933,0.766079,15.1222,-3.5786,-4.08207,0.101954,0.0899256,0.611866,0.480465,
0.853604,14.8169,-2.83246,-4.25977,0.609213,14.9404,-3.51931,-3.97811,0.103089,0.0901134,0.612241,0.479721,
0.71333,14.603,-2.78061,-4.29864,0.551238,14.734,-3.20003,-3.98515,0.103445,0.0903488,0.611478,0.479075,
0.575628,14.3872,-2.72952,-4.33598,0.414873,14.4879,-3.13356,-4.30526,0.103786,0.0903999,0.610672,0.477959,
0.440459,14.1696,-2.67925,-4.37181,0.256425,14.2614,-3.13724,-4.32564,0.104302,0.0904065,0.610051,0.476856,
0.307779,13.9502,-2.62984,-4.40617,0.0981451,14.0033,-3.13535,-4.66413,0.105034,0.0902693,0.609608,0.476075,
0.177545,13.7292,-2.58135,-4.43909,0.140408,13.7582,-2.59525,-4.66967,0.104822,0.0900826,0.608203,0.475235,
0.0497099,13.5065,-2.53381,-4.47061,0.0157517,13.5115,-2.57885,-4.81817,0.104606,0.0898764,0.606814,0.474727,
-0.0757753,13.2823,-2.48728,-4.50075,-0.142673,13.2726,-2.65903,-4.81693,0.104465,0.0896733,0.605538,0.474124,
-0.198962,13.0566,-2.44179,-4.52955,-0.278724,13.0533,-2.67299,-4.66334,0.104366,0.0894696,0.604361,0.473131,
-0.319903,12.8295,-2.39739,-4.55704,-0.236626,12.8422,-2.19658,-4.6061,0.10428,0.089271,0.603144,0.472071,
-0.438654,12.6011,-2.35412,-4.58326,-0.374087,12.6129,-2.27611,-4.52003,0.104135,0.0890733,0.601806,0.471026,
-0.555273,12.3714,-2.31202,-4.60823,-0.483844,12.3832,-2.26487,-4.52627,0.104011,0.0888769,0.600464,0.47,
-0.669818,12.1404,-2.27111,-4.63198,-0.623884,12.1699,-2.33845,-4.52221,0.103824,0.0887002,0.599139,0.469008,
-0.78235,11.9083,-2.23144,-4.65456,-0.67986,11.9615,-2.17276,-4.48276,0.103819,0.0885739,0.597819,0.468104,
-0.892931,11.6751,-2.19304,-4.67598,-0.826529,11.7251,-2.27369,-4.56169,0.103683,0.0884403,0.596519,0.467129,
-1.00163,11.4409,-2.15594,-4.69628,-1.02865,11.4767,-2.51513,-4.61106,0.10347,0.0882773,0.595681,0.466134,
-1.1085,11.2057,-2.12017,-4.71549,-1.13691,11.2481,-2.478,-4.51086,0.10326,0.0881284,0.594845,0.465308,
-1.21362,10.9695,-2.08575,-4.73364,-1.30909,11.0226,-2.60998,-4.52011,0.103227,0.0880058,0.594555,0.464505,
-1.31706,10.7324,-2.05273,-4.75075,-1.41225,10.7686,-2.49878,-4.80473,0.103193,0.0878466,0.59399,0.463508,
-1.41889,10.4945,-2.02111,-4.76686,-1.52582,10.5116,-2.46849,-4.8326,0.10321,0.0876634,0.593433,0.462524,
-1.51917,10.2559,-1.99093,-4.78198,-1.63769,10.2399,-2.4134,-5.02303,0.103281,0.0874805,0.592802,0.461797,
-1.61797,10.0165,-1.96221,-4.79615,-1.69915,10.0356,-2.24831,-4.92104,0.103196,0.0873016,0.591825,0.460878,
-1.71539,9.77637,-1.93498,-4.80939,-1.78888,9.80475,-2.19069,-4.85513,0.103087,0.0871346,0.590796,0.459901,
-1.81147,9.53564,-1.90924,-4.82172,-1.83395,9.59459,-2.01143,-4.77595,0.102878,0.087034,0.589575,0.458932,
-1.90631,9.29431,-1.88502,-4.83316,-1.96315,9.33192,-2.06074,-4.97145,0.102726,0.0868839,0.588436,0.458047,
-1.99998,9.05243,-1.86233,-4.84374,-2.03596,9.0353,-1.9823,-5.05079,0.102536,0.0867076,0.587245,0.457277,
-2.09256,8.81003,-1.8412,-4.85347,-2.11477,8.8146,-1.94477,-4.89995,0.102331,0.0865257,0.586049,0.456325,
-2.18412,8.56717,-1.82164,-4.86238,-2.20145,8.56637,-1.91619,-4.90221,0.102123,0.0863445,0.584853,0.455377,
-2.27474,8.32388,-1.80365,-4.87047,-2.34404,8.30107,-2.037,-4.99643,0.102008,0.086177,0.583828,0.4545,
-2.3645,8.0802,-1.78726,-4.87778,-2.36493,8.08168,-1.81073,-4.90707,0.101796,0.0859981,0.582617,0.45356,
-2.45348,7.83617,-1.77248,-4.8843,-2.412,7.87557,-1.67824,-4.83119,0.10162,0.0858576,0.581444,0.452635,
-2.54177,7.59184,-1.75931,-4.89006,-2.53031,7.62253,-1.77434,-4.86813,0.101414,0.0857034,0.580247,0.451705,
-2.62944,7.34723,-1.74777,-4.89507,-2.69591,7.37982,-2.03357,-4.77771,0.101295,0.0855531,0.579346,0.450841,
-2.71658,7.10238,-1.73786,-4.89933,-2.80264,7.12659,-2.05018,-4.80789,0.101238,0.0853923,0.578506,0.449958,
-2.80326,6.85734,-1.72958,-4.90286,-2.85877,6.89363,-1.8573,-4.91011,0.101094,0.0852499,0.577387,0.449042,
-2.88957,6.61214,-1.72295,-4.90566,-2.87545,6.70383,-1.63862,-4.75712,0.100893,0.085277,0.576242,0.448232,
-2.97559,6.36681,-1.71797,-4.90774,-2.91423,6.4941,-1.56688,-4.56802,0.100764,0.0854879,0.575159,0.447847,
-3.0614,6.12139,-1.71464,-4.90911,-2.96877,6.26481,-1.50289,-4.55565,0.100733,0.0857987,0.57416,0.447508,
-3.14709,5.87592,-1.71297,-4.90976,-3.10022,6.005,-1.61771,-4.74212,0.100575,0.0860152,0.573042,0.446738,
-3.23274,5.63043,-1.71295,-4.9097,-3.19659,5.72047,-1.6726,-4.84887,0.1004,0.0860316,0.571905,0.445864,
-3.31843,5.38496,-1.71458,-4.90893,-3.3037,5.4697,-1.80374,-4.77957,0.100205,0.0860265,0.570797,0.445053,
-3.40424,5.13955,-1.71787,-4.90745,-3.41224,5.20207,-1.86097,-4.85347,0.100008,0.0859462,0.569738,0.444185,
-3.49026,4.89422,-1.72281,-4.90525,-3.47819,4.9557,-1.72344,-4.93122,0.0998142,0.0858636,0.568616,0.443313,
-3.57657,4.64902,-1.72939,-4.90233,-3.60929,4.65975,-1.85522,-5.07653,0.0996394,0.0856977,0.567555,0.442578,
-3.66325,4.40398,-1.73763,-4.89868,-3.71294,4.40444,-1.97192,-4.99115,0.0994931,0.0855302,0.566634,0.44175,
-3.75039,4.15913,-1.74749,-4.8943,-3.86219,4.118,-2.11053,-5.121,0.0995439,0.0854022,0.565984,0.441117,
-3.83806,3.91452,-1.75899,-4.88918,-3.93617,3.8823,-1.92758,-5.13282,0.0995384,0.0852601,0.564983,0.440522,
-3.92635,3.67019,-1.77212,-4.8833,-3.99302,3.66446,-1.82073,-5.00033,0.0994324,0.0850961,0.5639,0.439731,
-4.01533,3.42616,-1.78686,-4.87666,-4.07521,3.47932,-1.86004,-4.76386,0.0993104,0.0849963,0.562833,0.43894,
-4.10509,3.18248,-1.8032,-4.86925,-4.16604,3.23685,-1.85635,-4.77298,0.0991918,0.0849,0.561763,0.438139,
-4.19571,2.93919,-1.82113,-4.86104,-4.28359,2.97598,-1.98109,-4.81461,0.099151,0.0847683,0.560777,0.437312,
-4.28727,2.69633,-1.84065,-4.85202,-4.38066,2.69187,-1.9888,-4.93028,0.0991297,0.0846074,0.559784,0.436506,
-4.37985,2.45393,-1.86173,-4.84218,-4.46583,2.44446,-1.90564,-4.94615,0.0990832,0.084449,0.55873,0.435726,
-4.47352,2.21205,-1.88436,-4.83149,-4.57397,2.16844,-1.93858,-5.03929,0.0990884,0.0843321,0.557684,0.43509,
-4.56836,1.97072,-1.90853,-4.81994,-4.67443,1.9468,-2.12796,-4.88541,0.0991156,0.0841862,0.556798,0.43429,
-4.66444,1.72998,-1.93422,-4.80751,-4.79985,1.65669,-2.17058,-5.03719,0.0992762,0.084148,0.555942,0.433704,
-4.76186,1.48989,-1.9614,-4.79417,-4.92129,1.40601,-2.25805,-5.0278,0.0995683,0.084147,0.5552,0.433129,
-4.86066,1.25049,-1.99007,-4.7799,-4.97281,1.19508,-2.14013,-4.85954,0.099618,0.0840584,0.554243,0.43235,
-4.96095,1.01182,-2.02019,-4.76468,-5.0638,0.996561,-2.07023,-4.71838,0.0996301,0.0839077,0.553224,0.431558,
-5.06277,0.77393,-2.05174,-4.74848,-5.11697,0.779917,-1.97772,-4.62763,0.0995006,0.0837536,0.55222,0.430824,
-5.16621,0.536876,-2.08471,-4.73127,-5.21987,0.453192,-2.06723,-4.9207,0.0993709,0.0837533,0.551205,0.430184,
-5.27133,0.300706,-2.11906,-4.71303,-5.29137,0.220292,-2.01086,-4.86364,0.0991961,0.0837413,0.550234,0.429493,
-5.3782,0.0654719,-2.15477,-4.69374,-5.40003,-0.0707357,-1.89549,-5.01293,0.0990237,0.0839924,0.549452,0.429142,
-5.4869,-0.168772,-2.1918,-4.67335,-5.46466,-0.29409,-1.849,-4.91678,0.0988526,0.0841794,0.548842,0.428612,
-5.59748,-0.401971,-2.23014,-4.65185,-5.58214,-0.456138,-2.01186,-4.67257,0.0986777,0.08409,0.548004,0.427837,
-5.71001,-0.634069,-2.26974,-4.62919,-5.71615,-0.618803,-2.10426,-4.45973,0.0985001,0.0839431,0.547104,0.427185,
-5.82456,-0.865006,-2.31058,-4.60536,-5.83243,-0.845845,-2.35379,-4.51217,0.0983239,0.0837999,0.546125,0.426453,
-5.94118,-1.09472,-2.35262,-4.58032,-5.93231,-1.12903,-2.29457,-4.68658,0.098149,0.0836748,0.545157,0.425735,
-6.05993,-1.32316,-2.39581,-4.55404,-6.02054,-1.41053,-2.21683,-4.82731,0.0980018,0.0836883,0.544288,0.425288,
-6.18087,-1.55025,-2.44014,-4.52648,-6.161,-1.60598,-2.29589,-4.69019,0.0978345,0.0836054,0.543387,0.424643,
-6.30406,-1.77593,-2.48555,-4.49762,-6.3026,-1.85563,-2.58518,-4.81201,0.0976609,0.0835918,0.542455,0.424303,
-6.42954,-2.00014,-2.532,-4.46742,-6.41376,-2.11211,-2.54189,-4.85969,0.0974927,0.083709,0.541496,0.424194,
-6.55738,-2.22281,-2.57946,-4.43585,-6.5662,-2.30313,-2.55371,-4.68013,0.0973223,0.0836973,0.540544,0.423694,
-6.68761,-2.44386,-2.62788,-4.40288,-6.71691,-2.50531,-2.61701,-4.58606,0.0971669,0.0836296,0.539595,0.423089,
-6.82029,-2.66323,-2.6772,-4.36847,-6.87325,-2.71831,-2.71537,-4.55136,0.0970474,0.0835468,0.538655,0.422488,
-6.95546,-2.88084,-2.7274,-4.3326,-6.96028,-3.00402,-2.58603,-4.72338,0.0968786,0.0837175,0.537781,0.422381,
-7.09316,-3.09663,-2.7784,-4.29523,-7.08715,-3.23029,-2.53742,-4.67262,0.096711,0.0839423,0.537034,0.422233,
-7.23344,-3.3105,-2.83017,-4.25632,-7.20935,-3.41129,-2.55898,-4.52987,0.0965539,0.0840064,0.536342,0.421809,
-7.37632,-3.5224,-2.88265,-4.21586,-7.35178,-3.67648,-2.59307,-4.64564,0.096398,0.0843481,0.535686,0.421837,
-7.52184,-3.73223,-2.93579,-4.1738,-7.51362,-3.78437,-2.73021,-4.30328,0.0962335,0.0842585,0.534901,0.42118,
-7.67004,-3.93992,-2.98953,-4.13012,-7.65734,-3.99928,-2.8266,-4.34455,0.0960714,0.0841858,0.534069,0.420645,
-7.82094,-4.14538,-3.04381,-4.08479,-7.80914,-4.23439,-2.83774,-4.38877,0.0959098,0.0842027,0.533293,0.420302,
-7.97457,-4.34854,-3.09857,-4.03778,-7.95641,-4.46277,-2.85167,-4.41529,0.0957524,0.084323,0.53258,0.420164,
-8.13095,-4.5493,-3.15376,-3.98906,-8.11602,-4.70747,-2.87319,-4.4722,0.0955939,0.0846821,0.531927,0.420393,
-8.2901,-4.74759,-3.2093,-3.93862,-8.25171,-4.9112,-2.72175,-4.33326,0.0954584,0.0850722,0.531784,0.420309,
-8.45204,-4.94331,-3.26514,-3.88641,-8.37845,-5.1258,-2.70357,-4.33113,0.0953932,0.0855864,0.531887,0.420394,
-8.61678,-5.13637,-3.32121,-3.83242,-8.52475,-5.28656,-2.70267,-4.14831,0.0953821,0.0858845,0.532201,0.420086,
-8.78433,-5.32669,-3.37745,-3.77663,-8.71379,-5.47808,-2.82374,-4.08908,0.0953098,0.0861867,0.532274,0.419772,
-8.95469,-5.51417,-3.43377,-3.71901,-8.87036,-5.68267,-2.88964,-4.10569,0.0952753,0.0865911,0.532314,0.419666,
-9.12788,-5.69872,-3.49012,-3.65955,-9.02704,-5.86063,-2.92961,-4.03273,0.0952944,0.0869494,0.532411,0.419521,
-9.30388,-5.88026,-3.54643,-3.59823,-9.16381,-6.01322,-2.88345,-3.87776,0.0954773,0.0871418,0.532896,0.419134,
-9.4827,-6.05868,-3.60261,-3.53503,-9.34467,-6.09198,-3.02004,-3.57764,0.0956489,0.0870189,0.533067,0.418449,
-9.66432,-6.23389,-3.6586,-3.46994,-9.52065,-6.28219,-3.13729,-3.6434,0.0958463,0.0869198,0.533029,0.417879,
-9.84874,-6.4058,-3.71431,-3.40295,-9.65637,-6.49817,-3.07621,-3.73537,0.0963209,0.0869382,0.533407,0.417627,
-10.0359,-6.57431,-3.76969,-3.33404,-9.88109,-6.66554,-3.36878,-3.75067,0.09657,0.0869526,0.533028,0.417624,
-10.2259,-6.73933,-3.82463,-3.26321,-10.0918,-6.82995,-3.46877,-3.67744,0.096716,0.0869648,0.532547,0.417613,
-10.4186,-6.90075,-3.87907,-3.19046,-10.2729,-6.9993,-3.53256,-3.6658,0.0969148,0.0870049,0.532048,0.417813,
-10.614,-7.05849,-3.93293,-3.11577,-10.511,-7.1843,-3.66038,-3.64611,0.0969351,0.0871583,0.531412,0.418226,
-10.8121,-7.21245,-3.98613,-3.03916,-10.7118,-7.33263,-3.71785,-3.55696,0.0969462,0.0872849,0.530773,0.418586,
-11.0128,-7.36252,-4.03859,-2.96062,-10.9672,-7.49547,-3.87066,-3.49289,0.0968246,0.08747,0.530005,0.419001,
-11.2161,-7.50862,-4.09021,-2.88015,-11.1435,-7.64664,-3.76638,-3.38747,0.0967567,0.0876786,0.529472,0.419313,
-11.422,-7.65064,-4.14093,-2.79777,-11.2904,-7.79805,-3.68805,-3.35997,0.0968882,0.0879341,0.529245,0.419847,
-11.6304,-7.78849,-4.19066,-2.71349,-11.4749,-7.93735,-3.69023,-3.28101,0.097131,0.088195,0.529156,0.4204,
-11.8413,-7.92208,-4.23932,-2.6273,-11.6575,-8.02874,-3.71936,-3.10494,0.0975278,0.0882597,0.529127,0.420594,
-12.0546,-8.05131,-4.28682,-2.53924,-11.8355,-8.15714,-3.61211,-2.97123,0.0981498,0.0883208,0.529651,0.420631,
-12.2702,-8.17609,-4.33309,-2.44932,-12.0563,-8.23042,-3.72972,-2.77218,0.0987282,0.0882342,0.5299,0.420358,
-12.4881,-8.29633,-4.37802,-2.35756,-12.284,-8.37007,-4.01825,-2.89506,0.0992345,0.0881923,0.52945,0.420777,
-12.7082,-8.41193,-4.42156,-2.26399,-12.4973,-8.44168,-4.07592,-2.71218,0.0997797,0.0880697,0.528974,0.420866,
-12.9304,-8.5228,-4.4636,-2.16863,-12.6851,-8.54597,-3.92223,-2.55194,0.100563,0.0879416,0.529013,0.420754,
-13.1547,-8.62886,-4.50407,-2.07151,-12.9799,-8.62158,-4.14906,-2.38563,0.10088,0.0878054,0.52856,0.420464,
-13.381,-8.73002,-4.54289,-1.97267,-13.2264,-8.73395,-4.30585,-2.39965,0.101091,0.0876692,0.527904,0.420484,
-13.6092,-8.82619,-4.57997,-1.87214,-13.4576,-8.77167,-4.37296,-2.19242,0.101287,0.087586,0.527212,0.420211,
-13.8392,-8.91729,-4.61524,-1.76997,-13.6486,-8.83801,-4.15279,-1.98098,0.101683,0.0875615,0.527024,0.419726,
-14.0709,-9.00324,-4.64861,-1.6662,-13.8826,-8.94019,-4.20561,-1.97809,0.102063,0.0874966,0.526786,0.419436,
-14.3043,-9.08395,-4.68001,-1.56086,-14.1345,-9.04305,-4.45681,-2.07596,0.102339,0.0873917,0.526123,0.419763,
-14.5391,-9.15936,-4.70936,-1.45402,-14.3691,-9.15266,-4.47856,-2.08548,0.102615,0.0872588,0.525473,0.420573,
-14.7754,-9.22939,-4.73658,-1.34573,-14.5772,-9.25102,-4.34599,-2.01342,0.103041,0.0871338,0.525114,0.421546,
-15.013,-9.29397,-4.76161,-1.23603,-14.8876,-9.2234,-4.58684,-1.66213,0.103116,0.0870882,0.524404,0.42156,
-15.2517,-9.35302,-4.78436,-1.125,-15.1332,-9.31959,-4.57469,-1.66358,0.103167,0.0869757,0.523736,0.421964,
-15.4916,-9.40649,-4.80476,-1.01269,-15.4139,-9.42507,-4.67191,-1.69767,0.103099,0.0868502,0.522996,0.423005,
-15.7324,-9.45431,-4.82275,-0.899159,-15.6299,-9.48926,-4.44655,-1.53551,0.103097,0.0867405,0.522615,0.423809,
-15.9741,-9.49642,-4.83827,-0.784484,-15.9013,-9.55246,-4.55127,-1.48266,0.103019,0.0866646,0.522067,0.424898,
-16.2164,-9.53277,-4.85124,-0.668734,-16.1321,-9.59237,-4.47396,-1.33913,0.102969,0.0865962,0.521693,0.425844,
-16.4594,-9.5633,-4.8616,-0.55198,-16.4005,-9.5559,-4.60251,-1.06704,0.102865,0.0864678,0.521106,0.426138,
-16.7027,-9.58797,-4.8693,-0.434301,-16.5917,-9.5915,-4.45128,-0.993928,0.10289,0.0863392,0.52083,0.426598,
-16.9464,-9.60673,-4.87427,-0.315773,-16.9016,-9.53971,-4.66314,-0.709194,0.102767,0.0862883,0.520184,0.426503,
-17.1903,-9.61954,-4.87646,-0.196479,-17.1414,-9.62207,-4.70733,-0.850448,0.102649,0.0861607,0.519495,0.427355,
-17.4342,-9.62636,-4.87583,-0.0765024,-17.4223,-9.61716,-4.81474,-0.715239,0.1025,0.086035,0.518739,0.428132,
-17.6781,-9.62717,-4.87232,0.0440703,-17.6604,-9.6376,-4.67691,-0.604149,0.102353,0.0859102,0.518084,0.428945,
-17.9216,-9.62194,-4.86588,0.165151,-17.9354,-9.576,-4.78974,-0.360227,0.102206,0.0858202,0.51734,0.429259,
-18.1648,-9.61064,-4.85648,0.286648,-18.157,-9.57297,-4.62208,-0.242554,0.102057,0.0857188,0.516739,0.429585,
-18.4074,-9.59325,-4.84408,0.40847,-18.3619,-9.60465,-4.5638,-0.301166,0.101938,0.085596,0.516207,0.430667,
-18.6493,-9.56977,-4.82864,0.530522,-18.5824,-9.61935,-4.5922,-0.325275,0.101853,0.0855133,0.515614,0.432508,
-18.8904,-9.54017,-4.81012,0.652707,-18.8536,-9.57993,-4.69224,-0.170684,0.101725,0.0854161,0.514905,0.43415,
-19.1305,-9.50447,-4.78851,0.774927,-19.0673,-9.56785,-4.64595,-0.120725,0.101635,0.0853606,0.514217,0.436188,
-19.3694,-9.46265,-4.76378,0.897083,-19.3444,-9.40683,-4.78665,0.313996,0.101497,0.0852902,0.513477,0.436683,
-19.6069,-9.41472,-4.73591,1.01907,-19.5569,-9.36484,-4.55765,0.456537,0.101387,0.0852095,0.512828,0.437096,
-19.8431,-9.36071,-4.70487,1.1408,-19.838,-9.1997,-4.70411,0.833732,0.101242,0.0855228,0.512093,0.436779,
-20.0775,-9.30061,-4.67066,1.26215,-20.0652,-9.11368,-4.61682,0.981774,0.101099,0.085983,0.511369,0.436412,
-20.3102,-9.23446,-4.63328,1.38303,-20.2208,-9.26754,-4.41374,0.441961,0.101068,0.0858786,0.510774,0.438675,
-20.5409,-9.16227,-4.59271,1.50334,-20.4429,-9.25874,-4.3932,0.416907,0.101059,0.0859106,0.510159,0.441862,
-20.7696,-9.08409,-4.54895,1.62296,-20.6905,-9.12171,-4.48024,0.720452,0.101003,0.0858122,0.509449,0.443843,
-20.9959,-8.99994,-4.50202,1.74179,-20.9191,-9.06889,-4.37499,0.815216,0.100943,0.0857692,0.508774,0.445943,
-21.2198,-8.90987,-4.45191,1.85972,-21.1298,-8.97392,-4.37422,0.949851,0.100914,0.0857157,0.508074,0.447926,
-21.4412,-8.81393,-4.39865,1.97666,-21.3484,-8.917,-4.25016,1.02533,0.100892,0.0857694,0.50742,0.450129,
-21.6597,-8.71217,-4.34224,2.0925,-21.549,-8.8729,-4.22537,1.00311,0.100921,0.0860706,0.506747,0.453181,
-21.8754,-8.60465,-4.2827,2.20712,-21.7194,-8.77566,-3.88972,1.21664,0.101117,0.0864242,0.506465,0.455565,
-22.0881,-8.49143,-4.22007,2.32043,-21.9385,-8.65641,-3.95184,1.37355,0.101284,0.0867419,0.505957,0.457666,
-22.2975,-8.37258,-4.15437,2.43232,-22.1398,-8.5675,-4.0108,1.40983,0.101484,0.0872284,0.505311,0.460197,
-22.5035,-8.24817,-4.08564,2.5427,-22.3986,-8.42407,-4.13984,1.61485,0.101493,0.0875981,0.504618,0.462146,
-22.7061,-8.11829,-4.01391,2.65145,-22.5729,-8.34206,-3.92837,1.66048,0.101595,0.0882641,0.503941,0.464437,
-22.9049,-7.98301,-3.93923,2.75848,-22.8558,-8.02318,-4.147,2.29218,0.101487,0.0881677,0.503364,0.464442,
-23.1,-7.84243,-3.86163,2.8637,-23.0288,-7.91186,-3.78062,2.37074,0.101417,0.0881217,0.50269,0.464523,
-23.2911,-7.69663,-3.78118,2.967,-23.283,-7.68852,-3.92513,2.66015,0.101278,0.0880019,0.502058,0.464164,
-23.4781,-7.54572,-3.69792,3.06828,-23.4781,-7.54352,-3.94136,2.68651,0.10114,0.0878817,0.501533,0.463959,
-23.6609,-7.3898,-3.61191,3.16746,-23.6539,-7.40014,-3.90328,2.70404,0.101003,0.0877635,0.50108,0.463958,
-23.8393,-7.22897,-3.52321,3.26445,-23.8362,-7.24797,-3.76728,2.77816,0.100866,0.0876498,0.500561,0.46402,
-24.0132,-7.06336,-3.43189,3.35916,-23.9989,-7.17313,-3.70811,2.6049,0.100732,0.0877173,0.500089,0.465051,
-24.1825,-6.89307,-3.33801,3.45149,-24.1547,-7.01474,-3.45051,2.72815,0.100606,0.0878267,0.499447,0.465942,
-24.347,-6.71823,-3.24166,3.54138,-24.3426,-6.7122,-3.50754,3.16399,0.10047,0.0877088,0.498964,0.465726,
-24.5066,-6.53896,-3.14289,3.62873,-24.4962,-6.56528,-3.21886,3.18983,0.100337,0.0876015,0.498308,0.465656,
-24.6612,-6.35538,-3.0418,3.71347,-24.5924,-6.43925,-3.09373,3.08633,0.100265,0.0875917,0.497647,0.466164,
-24.8107,-6.16764,-2.93846,3.79553,-24.7208,-6.27601,-2.91852,3.1338,0.100239,0.0876539,0.496983,0.466796,
-24.955,-5.97587,-2.83295,3.87484,-24.9266,-6.02585,-3.04261,3.39243,0.100116,0.0875749,0.496438,0.466838,
-25.094,-5.7802,-2.72537,3.95132,-25.0467,-5.83636,-2.84993,3.46709,0.100013,0.0875064,0.495819,0.466885,
-25.2276,-5.58079,-2.61581,4.02492,-25.1911,-5.65521,-2.85431,3.48792,0.0998977,0.0874742,0.495313,0.467085,
-25.3556,-5.37777,-2.50435,4.09557,-25.3341,-5.4805,-2.80204,3.49948,0.0997716,0.0875181,0.494894,0.467473,
-25.4779,-5.1713,-2.39109,4.16322,-25.5006,-5.22104,-2.85995,3.72682,0.0996467,0.0874399,0.494827,0.467394,
-25.5946,-4.96152,-2.27613,4.22781,-25.6177,-5.06248,-2.75357,3.65716,0.0995225,0.0874782,0.494782,0.467696,
-25.7055,-4.7486,-2.15956,4.2893,-25.7443,-4.89029,-2.73225,3.62685,0.0994117,0.0876644,0.495003,0.468313,
-25.8105,-4.53268,-2.04149,4.34764,-25.8543,-4.70181,-2.53181,3.66597,0.0993067,0.0879762,0.494991,0.468998,
-25.9096,-4.31392,-1.92202,4.40279,-25.9861,-4.41985,-2.54978,3.92669,0.0992539,0.0880278,0.495384,0.469017,
-26.0027,-4.0925,-1.80125,4.45471,-26.0867,-4.23062,-2.0857,3.9629,0.0992172,0.0881952,0.494951,0.469078,
-26.0897,-3.86856,-1.67928,4.50337,-26.1919,-3.89374,-2.09697,4.32889,0.0992251,0.08809,0.494766,0.468553,
-26.1706,-3.64227,-1.55623,4.54875,-26.2581,-3.68337,-1.68292,4.3481,0.0991966,0.0880007,0.494167,0.468057,
-26.2453,-3.41381,-1.4322,4.59081,-26.2922,-3.3895,-1.59547,4.54204,0.099097,0.0878956,0.493598,0.467458,
-26.3138,-3.18332,-1.30729,4.62954,-26.3338,-3.16122,-1.29259,4.56334,0.0989745,0.0877894,0.492962,0.466867,
-26.376,-2.95098,-1.18162,4.66493,-26.3631,-2.91731,-1.22896,4.59984,0.0988493,0.0876931,0.492334,0.466279,
-26.4319,-2.71697,-1.05529,4.69696,-26.4114,-2.70274,-1.0863,4.56655,0.098728,0.0875836,0.491705,0.465727,
-26.4815,-2.48143,-0.928411,4.72562,-26.4939,-2.57583,-1.13611,4.30161,0.0986036,0.0876017,0.491188,0.465625,
-26.5247,-2.24456,-0.80109,4.75091,-26.5397,-2.35008,-1.01721,4.33625,0.0984807,0.0876521,0.490682,0.465502,
-26.5616,-2.0065,-0.673434,4.77284,-26.6026,-2.14795,-1.0389,4.29882,0.0983771,0.0878308,0.490404,0.465524,
-26.5921,-1.76744,-0.545553,4.79141,-26.6232,-1.92214,-0.872336,4.33077,0.0982647,0.0880648,0.490058,0.465512,
-26.6161,-1.52753,-0.417552,4.80664,-26.637,-1.63858,-0.818013,4.50506,0.0981458,0.0881306,0.489852,0.46517,
-26.6338,-1.28695,-0.289538,4.81852,-26.6255,-1.43253,-0.406634,4.45973,0.0980227,0.0883227,0.489268,0.464932,
-26.6451,-1.04586,-0.161616,4.8271,-26.639,-1.1831,-0.393806,4.52925,0.0978997,0.0884799,0.488791,0.464587,
-26.65,-0.804425,-0.0338883,4.83238,-26.6599,-0.973074,-0.234847,4.48836,0.0977779,0.0887721,0.48828,0.464323,
-26.6485,-0.562811,0.0935412,4.83439,-26.6828,-0.686464,-0.252584,4.65434,0.0976704,0.0888767,0.487976,0.463828,
-26.6406,-0.321181,0.220572,4.83317,-26.6635,-0.451887,0.113835,4.65753,0.0975549,0.0890058,0.487395,0.463331,
-26.6264,-0.0796947,0.347104,4.82874,-26.6256,-0.106636,0.178329,4.95367,0.0974332,0.0889049,0.486859,0.462795,
-26.6059,0.161489,0.473041,4.82116,-26.5982,0.134621,0.440428,4.93025,0.0973128,0.0888044,0.486256,0.462251,
-26.5792,0.402213,0.598287,4.81045,-26.5825,0.459503,0.435209,5.13856,0.0971921,0.08874,0.485721,0.461967,
-26.5462,0.642323,0.722748,4.79667,-26.5588,0.707593,0.530652,5.11049,0.0970738,0.0886896,0.485213,0.461659,
-26.5069,0.881666,0.846334,4.77986,-26.5632,1.00071,0.478686,5.21111,0.0969941,0.0887773,0.484958,0.461586,
-26.4616,1.12009,0.968955,4.76007,-26.5099,1.28413,0.583948,5.26912,0.0969042,0.0890409,0.484737,0.461709,
-26.4101,1.35745,1.09053,4.73737,-26.4692,1.49828,0.598699,5.13825,0.0968293,0.089205,0.484755,0.461569,
-26.3526,1.59361,1.21096,4.71181,-26.4199,1.7069,0.786742,4.99473,0.096768,0.0892719,0.484616,0.461216,
-26.2891,1.82841,1.33018,4.68345,-26.3803,1.89138,0.778319,4.82184,0.0967549,0.0892171,0.484791,0.460703,
-26.2197,2.06173,1.44811,4.65235,-26.3041,2.11787,1.10288,4.75783,0.0967267,0.0891513,0.4845,0.46017,
-26.1444,2.29342,1.56467,4.61859,-26.2531,2.28718,1.0853,4.57617,0.0967577,0.0890433,0.484487,0.459615,
-26.0633,2.52336,1.67979,4.58223,-26.1814,2.50847,1.19467,4.54758,0.0968153,0.0889382,0.484489,0.45906,
-25.9765,2.75141,1.79339,4.54334,-26.1103,2.76589,1.21989,4.6273,0.0969221,0.0888334,0.484724,0.458522,
-25.8841,2.97746,1.90543,4.502,-26.0102,2.9837,1.64754,4.54543,0.0970034,0.0887265,0.484304,0.457973,
-25.7861,3.20139,2.01582,4.45828,-25.906,3.29733,1.70188,4.77441,0.0970651,0.0887446,0.483966,0.457684,
-25.6826,3.42306,2.12452,4.41227,-25.8147,3.53351,1.87126,4.74357,0.0971647,0.0888032,0.483543,0.457422,
-25.5737,3.64239,2.23146,4.36404,-25.7169,3.71869,1.86915,4.60664,0.097301,0.0887753,0.483289,0.457028,
-25.4596,3.85924,2.3366,4.31367,-25.5934,3.92421,2.10065,4.5115,0.0974046,0.088726,0.482848,0.456583,
-25.3402,4.07353,2.43989,4.26125,-25.538,4.07996,1.99557,4.32428,0.0977671,0.0886206,0.48276,0.456049,
-25.2157,4.28514,2.54127,4.20686,-25.4085,4.27712,2.21644,4.2445,0.0981027,0.0885159,0.482446,0.455509,
-25.0863,4.49399,2.64071,4.15058,-25.2493,4.51658,2.31079,4.31996,0.098308,0.0884176,0.48214,0.455043,
-24.9518,4.69998,2.73817,4.09251,-25.0883,4.71792,2.43885,4.27553,0.0984159,0.0883171,0.481789,0.45459,
-24.8126,4.90303,2.83361,4.03273,-24.9805,4.91003,2.40795,4.21735,0.0986379,0.0882133,0.481664,0.454142,
-24.6686,5.10304,2.92701,3.97132,-24.8146,5.10643,2.65469,4.14708,0.0987763,0.0881093,0.481278,0.453686,
-24.5201,5.29995,3.01833,3.90839,-24.6493,5.33816,2.72066,4.21441,0.0988589,0.0880251,0.480928,0.453395,
-24.367,5.49367,3.10754,3.84401,-24.4687,5.52526,3.083,4.08794,0.0988656,0.0879351,0.480365,0.453017,
-24.2095,5.68414,3.19464,3.77827,-24.2864,5.69457,3.12592,3.99973,0.0988198,0.0878335,0.479813,0.452613,
-24.0477,5.8713,3.27959,3.71127,-24.1141,5.85923,3.35946,3.85283,0.0987564,0.0877328,0.479268,0.452136,
-23.8818,6.05508,3.36239,3.64309,-23.947,6.01183,3.34685,3.74838,0.0986915,0.0876553,0.47871,0.451637,
-23.7117,6.23542,3.44302,3.57383,-23.7892,6.21158,3.20411,3.81501,0.0986474,0.0875609,0.478291,0.451261,
-23.5377,6.41227,3.52148,3.50357,-23.6391,6.35836,3.1728,3.69917,0.098654,0.0874978,0.478031,0.450836,
-23.3598,6.58559,3.59775,3.4324,-23.4789,6.53858,3.26847,3.65918,0.0987064,0.0874257,0.477741,0.450446,
-23.1781,6.75533,3.67185,3.36041,-23.2512,6.79523,3.4103,3.86051,0.0986549,0.0873458,0.477354,0.450567,
-22.9928,6.92146,3.74376,3.28768,-23.0436,6.94689,3.60221,3.71526,0.0985713,0.0872536,0.476852,0.450515,
-22.804,7.08393,3.8135,3.21431,-22.8382,7.1176,3.64498,3.68075,0.0984716,0.0871682,0.476372,0.450553,
-22.6117,7.24273,3.88106,3.14038,-22.6124,7.27066,3.94033,3.53254,0.0983587,0.0870785,0.475834,0.450427,
-22.4161,7.39782,3.94647,3.06598,-22.4422,7.39075,3.87096,3.38198,0.098254,0.0869794,0.475303,0.450166,
-22.2173,7.54917,4.00974,2.99118,-22.1977,7.54225,4.28763,3.23047,0.0981462,0.0868807,0.474946,0.449797,
-22.0154,7.69679,4.07087,2.91607,-22.0238,7.6843,4.20425,3.17251,0.0980352,0.0867838,0.474447,0.449451,
-21.8105,7.84064,4.12989,2.84074,-21.8223,7.87728,4.14165,3.28189,0.0979254,0.0867027,0.473908,0.449432,
-21.6026,7.98072,4.18681,2.76526,-21.6294,8.00122,4.10064,3.17618,0.0978226,0.0866098,0.473388,0.449349,
-21.392,8.11703,4.24166,2.68971,-21.4276,8.14537,4.18222,3.10023,0.0977265,0.0865223,0.472861,0.449265,
-21.1787,8.24957,4.29447,2.61417,-21.2313,8.13916,4.09945,2.6865,0.0976481,0.0865836,0.472418,0.44877,
-20.9628,8.37833,4.34526,2.53871,-21.0252,8.30509,4.0329,2.80143,0.0975829,0.0865559,0.472118,0.448438,
-20.7444,8.50333,4.39406,2.46341,-20.8629,8.44941,3.95883,2.80335,0.0976347,0.0864963,0.472039,0.448224,
-20.5237,8.62457,4.4409,2.38835,-20.6018,8.58463,4.36504,2.68275,0.0975953,0.08642,0.471523,0.447938,
-20.3006,8.74206,4.48582,2.31358,-20.3516,8.72321,4.42847,2.70157,0.0975159,0.0863279,0.471003,0.447813,
-20.0753,8.85583,4.52884,2.23919,-20.1412,8.86353,4.35636,2.73624,0.0974566,0.0862323,0.470548,0.447929,
-19.848,8.96589,4.57001,2.16524,-19.9637,8.93997,4.25415,2.57401,0.0975011,0.0861449,0.47026,0.447845,
-19.6186,9.07227,4.60937,2.09179,-19.756,9.06098,4.2443,2.55148,0.0976078,0.0860507,0.470052,0.447872,
-19.3873,9.17499,4.64694,2.01891,-19.5526,9.11509,4.19765,2.36478,0.0978096,0.0860016,0.470007,0.447671,
